{"cameraMode":{"drawMode":0,"name":"Shaded","section":"Shading Mode"},"sceneLighting":false,"audioPlay":false,"sceneViewState":{"showFog":true,"showMaterialUpdate":false,"showSkybox":false,"showFlares":true,"showImageEffects":true,"showParticleSystems":true},"in2DMode":false,"pivot":{"x":0.0,"y":4.643158435821533,"z":0.05995607376098633},"rotation":{"x":-0.06295086443424225,"y":0.5461350679397583,"z":-0.04120707884430885,"w":-0.8343117833137512},"size":1.0495538711547852,"orthographic":false}