{"cameraMode":{"drawMode":0,"name":"Shaded","section":"Shading Mode"},"sceneLighting":false,"audioPlay":false,"sceneViewState":{"showFog":true,"showMaterialUpdate":false,"showSkybox":false,"showFlares":true,"showImageEffects":true,"showParticleSystems":true},"in2DMode":false,"pivot":{"x":1.7300000190734864,"y":1.2200000286102296,"z":0.0},"rotation":{"x":-0.18371625244617463,"y":0.12553681433200837,"z":-0.023662973195314409,"w":-0.9746436476707459},"size":0.5621342062950134,"orthographic":false}