{"cameraMode":{"drawMode":0,"name":"Shaded","section":"Shading Mode"},"sceneLighting":false,"audioPlay":false,"sceneViewState":{"showFog":true,"showMaterialUpdate":false,"showSkybox":false,"showFlares":true,"showImageEffects":true,"showParticleSystems":true},"in2DMode":false,"pivot":{"x":-5.389999866485596,"y":1.5831584930419922,"z":0.05995607376098633},"rotation":{"x":-0.04054995998740196,"y":-0.11008680611848831,"z":0.004495125729590654,"w":-0.9930842518806458},"size":1.0495539903640748,"orthographic":false}